{"strategy":"b1b2","datafile":"/Users/simongu/Documents/Library_QPA/QPA/es.c.0-20100606-20251116.et.ohlcv-1m.csv","search":"botorch","objective":"year_sharpe","best_score":0.08189897219749383,"tested":1200,"rejected_guardrail":0,"rejected_robustness":0,"cache_hits":0,"guardrails_hash":"9ac220f6bbf5784f90dfbebc5ad0a5d0","shared_stream":true,"params":{"exec.be_trigger_mult":0.9970195237852506,"exec.downgrade_cutoff_offset_min":28.0,"exec.two_r_range_factor":2.366521546883882,"setup.abr_window_n":9.0,"setup.adr_window_n":40.0,"setup.body_pct_min":0.21672234819915653,"setup.climactic_range_factor":4.561086981805351,"setup.gap_max_pct_adr":71.25326131958548,"setup.gap_min_pct_adr":58.2625720546013,"setup.ibs_bear_max":0.7737332795689604,"setup.ibs_bull_min":0.019853696508476064},"perm_reps":null,"bootstrap_reps":null,"timestamp":"2025-11-27T05:10:27.422498Z"}
