{"strategy":"b1b2","datafile":"/Users/simongu/Documents/Library_QPA/QPA/es.c.0-20100606-20251116.et.ohlcv-1m.csv","search":"botorch","objective":"year_sharpe","best_score":0.34323239826985924,"tested":400,"rejected_guardrail":0,"rejected_robustness":0,"cache_hits":0,"guardrails_hash":"9ac220f6bbf5784f90dfbebc5ad0a5d0","shared_stream":true,"params":{"exec.be_trigger_mult":0.9590177209664348,"exec.downgrade_cutoff_offset_min":29.0,"exec.two_r_range_factor":2.992246762614236,"setup.abr_window_n":16.0,"setup.adr_window_n":40.0,"setup.body_pct_min":0.21668463088452095,"setup.climactic_range_factor":4.4575500576259,"setup.gap_max_pct_adr":87.37362883239655,"setup.gap_min_pct_adr":46.32440619069536,"setup.ibs_bear_max":0.982704137505978,"setup.ibs_bull_min":0.0004670327777921078},"perm_reps":null,"bootstrap_reps":null,"timestamp":"2025-11-27T03:39:07.912471Z"}
