{"exec.be_trigger_mult":0.9564095419386542,"exec.downgrade_cutoff_offset_min":11.0,"exec.two_r_range_factor":2.7577340269754007,"setup.abr_window_n":18.0,"setup.adr_window_n":31.0,"setup.body_pct_min":0.41124161022915706,"setup.climactic_range_factor":3.4090577969416884,"setup.gap_max_pct_adr":97.49914281839828,"setup.gap_min_pct_adr":31.642789957083178,"setup.ibs_bear_max":0.16044466629051027,"setup.ibs_bull_min":0.07508699324554198}
