{"cost.equity_base":0.0,"cost.fee_per_contract":4.0,"exec.be_trigger_mult":0.6166003705416346,"exec.downgrade_cutoff_offset_min":12.0,"exec.two_r_range_factor":0.7793575454155811,"qty":1.0,"session_end_min":975.0,"session_start_min":570.0,"setup.abr_window_n":8.0,"setup.adr_window_n":19.0,"setup.body_pct_min":0.41178561652281886,"setup.climactic_range_factor":2.494609673117494,"setup.gap_max_pct_adr":83.813201757912,"setup.gap_min_pct_adr":0.9264888710717721,"setup.ibs_bear_max":0.14124080893607974,"setup.ibs_bull_min":0.2566696085765957}
