{"strategy":"b1b2","datafile":"/Users/simongu/Documents/Library_QPA/QPA/es.c.0-20100606-20251116.et.ohlcv-1m.csv","search":"botorch","objective":"simon_ratio","best_score":0.6816528011342102,"tested":1200,"rejected_guardrail":0,"rejected_robustness":0,"cache_hits":0,"guardrails_hash":"9ac220f6bbf5784f90dfbebc5ad0a5d0","shared_stream":true,"params":{"exec.be_trigger_mult":0.8862230593750318,"exec.downgrade_cutoff_offset_min":8.0,"exec.two_r_range_factor":0.5564762730010178,"setup.abr_window_n":14.0,"setup.adr_window_n":27.0,"setup.body_pct_min":0.8513231748378898,"setup.climactic_range_factor":2.424368649371478,"setup.gap_max_pct_adr":82.2733641475218,"setup.gap_min_pct_adr":76.70732836472554,"setup.ibs_bear_max":0.8022445852959221,"setup.ibs_bull_min":0.2273433645891944},"perm_reps":null,"bootstrap_reps":null,"timestamp":"2025-11-27T05:24:03.978765Z"}
